part	start_line	end_line	lines	body_sha256
01-obzor/00-kak-chitat.md	1	15	15	494a40483b7932589791f57af9557ad9fe5f149ebf5dca24ae409e93bfdc00b7
01-obzor/01-kratkiy-rezultat.md	16	30	15	c07be4b29575ce1b68f4d1b12be3335199cbb5024fb0b8101fa4c6661b757bb6
01-obzor/02-vhodnye-dannye-i-adresaciya.md	31	47	17	65861f92c808f83f71c7e24421ac5b08679aee2c854e7fc46fd225bfd374ff4f
01-obzor/03-metod-i-urovni-dostovernosti.md	48	69	22	adea2c24f2a41202509fb53f30f31bf44ae9ee6896d6f55974039a3618dc15e2
01-obzor/04-aim-fire-primenenie-resheniya.md	70	101	32	c9afb4864d32cb695e283dea4ac19a1d490e0c6f01487aec6b70b7d269fd2d26
01-obzor/05-hitchance-i-generatory-napravleniy.md	102	126	25	8b56c8cd11b8efdae03ad88645e0e68b786217a8afd4d6b2d4b283f24166d7f2
01-obzor/06-health-budget-minimum-damage-tochka.md	127	143	17	88a44e8ef8af2ebfa8a111ad37bb4fcdeb019f68ebf23a5544f3d445aaa2c43b
01-obzor/07-damage-penetration-i-vneshniy-kod.md	144	159	16	c3c784a3156a63c8600ef9878a52d6774b1ae2a3782b7ba16b8f20bc0a0a274d
01-obzor/08-istoriya-i-lag-logika.md	160	171	12	2320373a5ce9d7b810aaa44a7ea2373ea86a9587280c183d4e0f0a13e02c1fef
01-obzor/09-melee-knifebot.md	172	177	6	0da57ad36ba1cb52b342f9f5ab1518d75d3c93932e4cb1e5bc44f67f9e1ba52c
01-obzor/10-resolver-i-lozhnye-sovpadeniya.md	178	193	16	e470cc10ab8104ea00a6cd94f9f1427228de378472dca3bab10240a599d16ece
01-obzor/11-ustroystvo-cpp-i-h.md	194	209	16	37ec6388e848df1bf73775b5e35e7b1e30ca53852a392f34fd3e9988c87f9f6b
01-obzor/12-kontrol-polnoty-i-vosproizvodimosti.md	210	217	8	29afccf2fb6ce8e4900d2c80e35051fd5a4544704de26fd06c7d7d549e83e6fd
01-obzor/13-chego-ne-poyavilos-ot-obedineniya.md	218	223	6	d5d949110b3dfbd940002b67eab4918e0c81fa61d888b9364a358c6c455b1dc0
01-obzor/14-avtomaticheskiy-pasport-obedineniya.md	224	878	655	f5b9060cdca7b6781eff0af36091304e19cb45364c66927aabaaadd622cdd3db
02-cpp-model/00-port-i-delivery-and-scope.md	879	894	16	f48b5ddcb047b5f6c81e58a3799ef6edb0044469a4bc609f0a8645b48b8b1921
02-cpp-model/01-api-and-preserved-semantics.md	895	911	17	63cdb95400550d82254c892574b4c310bc60070b1c7f115afbf3396f6b60f9cd
02-cpp-model/02-validation-results.md	912	925	14	e7b67a355ab8eb595ec0a9c8072a5bde5f4cbf3247ded2e4e549ad74fc861ed0
02-cpp-model/03-reproduction-commands.md	926	953	28	1d27867894138cf650ba38e8135169e8965047a401ed311d0af10f3a9e02e3a4
02-cpp-model/04-main-assembly-contract.md	954	966	13	69d903f93217b344e2b3fd083888575a1c6615e4f8dbbe382a3b1715f07174c2
02-cpp-model/05-port-limitations.md	967	973	7	29ce8464dfff3a6deba7945da4f8de7e91cbe379d6685897ab627c101eba97f3
02-cpp-model/06-proverka-itogovogo-cpp-h.md	974	1481	508	47493b7945c1d0a8d8c54941e7fd2dfbd4a766ba0b0b1f5dd52ddf9bf72c93b4
03-katalogi/15-navigaciya-po-otchetam.md	1482	1500	19	6bdd3539730d0e2ba81201742f2496ba5e021ce963d3714409420f69376febaf
03-katalogi/16-katalog-c-psevdokodov.md	1501	1570	70	a447b53fdeee59b6736a822b16b5f3e01a275641e505e7f615e3b0703e7cd4eb
03-katalogi/17-katalog-asm-i-arhivnyh-blokov.md	1571	1733	163	ad52464c5f2e999cf5786878d36b9cc4fdf04adc926f0224b99730b38b9aa6b8
04-otchety/D01-analysis-REPORT_RU.md	1734	1888	155	80f1bb9fa263531f3a73d003de2980859a2372f65d4e542b71affd181d2b726a
04-otchety/D02-analysis-review_rng-summary.md	1889	2113	225	5831b0c0ec015911abae9ee60baa1494c34b553df08a68d0632e3ff27489cf58
04-otchety/D03-analysis-review_rng-addendum_vector_sampling.md	2114	2160	47	deebd5c6021957c11c174978aef3c0c27ff4d49a50901ad064bbafc470cf5e52
04-otchety/D04-analysis-CORE_ADDENDUM_RU.md	2161	2236	76	132dd67725446a8d133cee37910563137aabb27902215e03ebee8f7e53e5fc2e
04-otchety/D05-analysis-review_rng-shortlist.md	2237	2261	25	f118e9c7a2bd494ab134d74d7d42c150a1ca26accad4aef2bbac835ea845bb66
04-otchety/D06-analysis-strings-summary.md	2262	2324	63	228b5466d9a23e318c6e70e915f1066f7c46806e94d445cfe9c503e247527d0c
04-otchety/D07-analysis-REPRODUCE.md	2325	2414	90	2cc1b706f88f8debae894f669571353e40ae744c45a4edb163ec288b6845b7a4
04-otchety/D08-analysis-phase2-REPORT_RU.md	2415	2543	129	ae471ba11d31176d41e9c359b881b81d4182ac1029801fa7ae32fe77f1a3cc5b
04-otchety/D09-analysis-phase2-spread-summary.md	2544	2640	97	9c02566812b335e7b2bebb637c7fbe6700d5f2f55b2b7b8780214c9abcc7c93c
04-otchety/D10-analysis-phase2-main-PENETRATION_AND_MELEE_RU.md	2641	2828	188	0813c087a7435f56e5459388f5364b2c7b2aa44b078e7c62fb45ce0bd6418876
04-otchety/D11-analysis-phase2-lagcomp-summary.md	2829	3066	238	bd86cfe72f8cf2c64cc510b74262c3fa26b404401f822f6f590eaf936cccd2a1
04-otchety/D12-analysis-phase2-reconstructed-README.md	3067	3104	38	4f42111d7b96ec538d87fcd6b55dd0d030f5680b6409feda105be0f0ba8c301f
04-otchety/D13-analysis-phase2-REPRODUCE.md	3105	3173	69	6124caeac466102a2e0df8b07e03859d16350dc3b210979b980ec67d95626dd7
05-dokazatelstva/00-manifest.md	3174	3364	191	b69ce1e12453353c1a4fdfe0f384b2124b9534d2df7b1895f0e5c7f53db4f837
05-dokazatelstva/01-consolidated/E001-assemble_bundle.py.md	3365	3824	460	08dc43574744b337a1a777196e3b81b20a39456f1ec73f1adda0c4f4adccb8ae
05-dokazatelstva/02-consolidated-staging-math/E002-CS2_RECONSTRUCTION.h.md	3825	3891	67	5354d051a1807b1fd4daf23369539faa0fb52b04336b1748ec329cf3fa57d8a4
05-dokazatelstva/02-consolidated-staging-math/E003-model_checks.cpp.md	3892	4319	428	d2d8efe98bd870adcd435926bb53d0674685c1184acd0a98004f124ad0b7459b
05-dokazatelstva/02-consolidated-staging-math/E004-model_impl.cpp.md	4320	4525	206	bbaf93d15917ab1f06855dfd1b4762ed2311bdaa3af100cfd846f859636a9c07
05-dokazatelstva/03-decompiled-core/E005-index.tsv.md	4526	4539	14	70119a4c83a6c04d4fbbb87a315ef708b7352fcc9d052e276aebcae57b927afe
05-dokazatelstva/04-decompiled-features/E006-index.tsv.md	4540	4560	21	bad598300752a2009d26278de6ea83f3ef376f8029a3cee89ab8e76662245754
05-dokazatelstva/05-decompiled-rng/E007-index.tsv.md	4561	4578	18	b318f4375b8cefcec5d894d3fcf064a17bc3ef64ec6b76dbce6faec173958d2a
05-dokazatelstva/06-ghidra-assembly/E008-functions.tsv.md	4579	4611	33	15838f47d3f4c2d79be8b6393fc9c53f0ad17cf063fb2149b29362a82fea3dad
05-dokazatelstva/07-imports/E009-user_imports.csv.md	4612	5013	402	1358efaf8fdbfab2c725d51de36301c53e8a1b24ccba1fbed86a3420ac46cbd4
05-dokazatelstva/07-imports/E010-user_imports_source.txt.md	5014	5416	403	83e7a400a322ced8e9c01ff4a71bb04d2059a5e1a7aca84f8b2b72aef5e0503d
05-dokazatelstva/07-imports/E011-user_imports_summary.json.md	5417	6700	1284	56f7b63299636b7f70c6858b1b35ec234d068e0c5753d35dd39a0369bdaab3b2
05-dokazatelstva/08-phase2-conditional-assembly/E012-functions.tsv.md	6701	6754	54	ddcce705fa1f8db6dfbd228478d42d52d324b1f5c871ae1b6ba9efacca5d63a0
05-dokazatelstva/09-phase2-conditional-bullet/E013-index.tsv.md	6755	6772	18	8fcb168e7f940a04cb55910c9e429d315473fa25fe0c56539429fea6a39c2f99
05-dokazatelstva/10-phase2-conditional-core/E014-index.tsv.md	6773	6800	28	6030158c73d63028c074235001c8853fe55566fc09a14c425d0336c1f7695b96
05-dokazatelstva/11-phase2-conditional-damage/E015-index.tsv.md	6801	6811	11	e44746a4bd47e90b2045ed2db62058f9d0d374588c7f5423c8040f1162da9281
05-dokazatelstva/12-phase2-conditional-lag/E016-index.tsv.md	6812	6827	16	84837da4f8461e6b0dcc230133dee1fe4412469f496c13b392d3b6e714334415
05-dokazatelstva/13-phase2-conditional-targets/E017-index.tsv.md	6828	6839	12	4583a6861dcdc9535b908ba61b326e11791584846824ebdf49e974bcfc2d8fb6
05-dokazatelstva/14-phase2-conditional-trace/E018-index.tsv.md	6840	6858	19	9797a2fab2815330d8c87ca3e412d3000722480bfd14ee85119f599856cfb319
05-dokazatelstva/15-phase2-lagcomp/E019-analyze.py.md	6859	7045	187	9d92662884ed3cfc1608a894ae611cdadad9fb3b4261aed4918f37b323e4e2eb
05-dokazatelstva/15-phase2-lagcomp/E020-build_evidence.py.md	7046	7168	123	adaba16439258a706ba08c890e0bdb3dcb690c4682981a69e5f0d1b9a222aec9
05-dokazatelstva/15-phase2-lagcomp/E021-callers.json.md	7169	7334	166	42fb31017b205c40123a4c4ffe46851107ba85b3eefdef14bf76f3234a55619f
05-dokazatelstva/15-phase2-lagcomp/E022-evidence.json.md	7335	9747	2413	814a3e91a7dd842811345c51cee0bc6693f5094d982d96da262035e63cfeb24f
05-dokazatelstva/15-phase2-lagcomp/E023-evidence.tsv.md	9748	10039	292	5f1e707a1a759da6626c336536d86f8a0c3a5cf4db1236d40c3d494a749c9cbf
05-dokazatelstva/15-phase2-lagcomp/E024-evidence_check.log.md	10040	10055	16	b73b19349c8cea745620210ef5720305b30ffa56b690213bcf0be10de302ead6
05-dokazatelstva/15-phase2-lagcomp/E025-field_refs.json.md	10056	10837	782	6e22cec955b8eeb13c6f28189394e018b156d46b05024b2a8a13fd220dcebde6
05-dokazatelstva/15-phase2-lagcomp/E026-field_refs.tsv.md	10838	10918	81	0f1c097bb7562aa6ca86ab990e8c12dd1720afebd3d11aaff05a35cef9d09e31
05-dokazatelstva/15-phase2-lagcomp/E027-metadata.json.md	10919	12374	1456	686b81c969ddb96e5f81caf079c55a66bd52bbecb163e78ae22a5eba5ee81f3a
05-dokazatelstva/15-phase2-lagcomp/E028-metadata_strict_capstone.json.md	12375	12625	251	cae999acc7acc70495564497718a67ab98a5f0cb8aa151006152b2c2d0c5b063
05-dokazatelstva/15-phase2-lagcomp/E029-raw_branch_refs.json.md	12626	12777	152	82d7d9e7e649bf992724668eadd852f34b03e7ef03c2198b81f0eecd5fa26a4f
05-dokazatelstva/15-phase2-lagcomp/E030-raw_function_pointers.json.md	12778	12807	30	b80e98f85df4a87d35bff78d67d531b8bbcf83c5b1556b6b659cf0393d6e6394
05-dokazatelstva/15-phase2-lagcomp/E031-raw_patterns.json.md	12808	13189	382	786a085541870d07d3211efef7655075206b98f09fda65b6d24d332035db6c6e
05-dokazatelstva/15-phase2-lagcomp/E032-scan.log.md	13190	13271	82	4300b66b101fb0b0b85b87c74b3295f0d1de36a9e57855f9f95b90e47ecf9f97
05-dokazatelstva/16-phase2-logs/E033-phase2-bullet.log.md	13272	13335	64	e384cd5e1e7c0de127e50baddf34024fbab1ce01f57b45f548ed43b8acd7de09
05-dokazatelstva/16-phase2-logs/E034-phase2-core.log.md	13336	13419	84	b10872087c17705dcb41e97e1a77b1142199c8f2a7bd5547df6f4ab86246b02f
05-dokazatelstva/16-phase2-logs/E035-phase2-damage.log.md	13420	13477	58	3e300c9fbe18e4d6c2b91418b17cfe3e797ef94449fa50459a73837de773fecc
05-dokazatelstva/16-phase2-logs/E036-phase2-lag.log.md	13478	13540	63	f855d26abd57b81417b1968c0ff715738aca3de23c0de987da2f87565e105fc9
05-dokazatelstva/16-phase2-logs/E037-phase2-targets.log.md	13541	13599	59	5446a1c8d743bea3d4062e05617ad485673e53ce470719ebab2cd5b1e3507429
05-dokazatelstva/16-phase2-logs/E038-phase2-trace.log.md	13600	13697	98	12b748f845e906322847c6efa7f18dd956d1f8906a27053da163eddd82e9bba9
05-dokazatelstva/17-phase2-main/E039-bullet_targets.tsv.md	13698	13714	17	efc022399db579fbd5cceba8e7f386fa55e98b2ff5520ec229ca27da402c73cc
05-dokazatelstva/17-phase2-main/E040-conditional_guards.tsv.md	13715	16813	3099	2df6f63a64a2c23703e9b3f06216b3e19f17ed56e83d7827bfb54227bfe70339
05-dokazatelstva/17-phase2-main/E041-conditional_model_manifest.json.md	16814	60077	43264	4c90fd0c9054d4f306070fa34bdd8a42f4f3178c1f7b8754d83e6cfb2af80c16
05-dokazatelstva/17-phase2-main/E042-core_targets.tsv.md	60078	60105	28	520452281c9ca6311a17d474ee0d0c08ed38f58e717dbabf3a2d2af221cc31d3
05-dokazatelstva/17-phase2-main/E043-damage_multiplier.tsv.md	60106	60116	11	70043b141935f9880b09073696fa3cd102a4919eaa14a4320081e0d92a6eaf87
05-dokazatelstva/17-phase2-main/E044-guard_scan.txt.md	60117	60214	98	9a02a45b9a3df499039808020c87078cf2e1740dfa454b0015b7af6d9c746eb6
05-dokazatelstva/17-phase2-main/E045-lag_targets.tsv.md	60215	60230	16	5e6c59b9df03d28789de38ae6c668c62be8308ad7441b843445630c0fc27fa2e
05-dokazatelstva/17-phase2-main/E046-math_constants.json.md	60231	60248	18	fce8e8b050193a0804d70d89642b2d12b1ade70a1a54230df61c7e1f2a36d7d1
05-dokazatelstva/17-phase2-main/E047-math_kernels_original.tsv.md	60249	60397	149	3241a94560a11a1493791074483196d778d6acc4387bf34f5ac66695f297f7da
05-dokazatelstva/17-phase2-main/E048-target_contexts.tsv.md	60398	60409	12	778eb37a401880f7680a59856e56acae67e2424ab6e6b06a1ea9298162a476f0
05-dokazatelstva/17-phase2-main/E049-trace_targets.tsv.md	60410	60428	19	2df3d9c62f838ce513e9f53279779aaac173af5a7c71dfd4ead6aaebec52be64
05-dokazatelstva/17-phase2-main/E050-verification.json.md	60429	60720	292	3081d8954a2095ebcc6da1b3aa749afdd1e04a22486c6b8d515a17a12ecd277f
05-dokazatelstva/17-phase2-main/E051-verification_run.txt.md	60721	60751	31	6659a6e2b0d18d8b19335e01db488749945e41f3972826e38ada67565f93366f
05-dokazatelstva/18-phase2-reconstructed/E052-check_math.py.md	60752	60818	67	be637890849e8b3f6fc141aa9d704d801708afb7cfdfd474caea82a6a3568494
05-dokazatelstva/18-phase2-reconstructed/E053-math_check_results.json.md	60819	60858	40	0c65973565da166c3acad20e4098f290a50272bfdae7b8116f2b6b762f3856aa
05-dokazatelstva/18-phase2-reconstructed/E054-recovered_math.py.md	60859	61001	143	03991e97c1ae3f240fbd3d42bd22d4f96bf48c0cfd2a5d5639b11a2af74ca177
05-dokazatelstva/19-phase2-scripts/E055-build_conditional_model.py.md	61002	61042	41	dadace70658a8d217b3fda6e1613b797adec7ae592b74f8105ae161d9c233cba
05-dokazatelstva/19-phase2-scripts/E056-find_guards.py.md	61043	61159	117	4f5472892f25da654c80d01be52bf41975eff8fef86482aa945e65ec3d0a821a
05-dokazatelstva/19-phase2-scripts/E057-package_phase2.py.md	61160	61222	63	d055481ff100a56eebc7f35b18669e5217e882f6f1bd155327309d69f8096471
05-dokazatelstva/19-phase2-scripts/E058-verify_phase2.py.md	61223	61320	98	f64a5944acd49efc0164a9c502570de3e2a3075255db343f95124879e8433264
05-dokazatelstva/20-phase2-spread/E059-0030ac00.decode.json.md	61321	61364	44	db80f08bd79ca5105adc76b0008a37a2b5e2d68f3ce3fdc14a1c2ab821b65ab2
05-dokazatelstva/20-phase2-spread/E060-0030ac00.refs.tsv.md	61365	61513	149	85986d31bbb22671b43f3ab0765beed6f36c0a075aac4654f5b3c200cc0a0924
05-dokazatelstva/20-phase2-spread/E061-0030d580.decode.json.md	61514	61531	18	e8150fcba921f36a55bd86a60bd1ee2c664a5e3769ca80c487ef790164998a1a
05-dokazatelstva/20-phase2-spread/E062-0030d580.refs.tsv.md	61532	62460	929	d3995254878003c017a041002d21581421f3d2c535e4129bd4ea86c6cbe056f5
05-dokazatelstva/20-phase2-spread/E063-004beb50.cfg.calls.txt.md	62461	62715	255	d14b6ab2d1429aa3283c305cf52d797d350a085c2abc2fa14a29c18e93f987c5
05-dokazatelstva/20-phase2-spread/E064-004beb50.cfg.edges.tsv.md	62716	63714	999	d97b13d080f4f70ed1f34572467ceb4e624566a36fb43d67a60c082c57a387d7
05-dokazatelstva/20-phase2-spread/E065-004beb50.cfg.json.md	63715	64221	507	3e05833af85cdea2ff0867723ec3c0a1aaa66f00713468918cabcf06d7f7de47
05-dokazatelstva/20-phase2-spread/E066-004beb50.decode.json.md	64222	64575	354	46adfe49b9c546412c66c29db36dd421666c2cf75fb08b195a2cf2b13e24d965
05-dokazatelstva/20-phase2-spread/E067-004beb50.refs.tsv.md	64576	64587	12	f01e94909ebbbac77d27fa4c526aad0f5781bd55f53a062d94e1d2ee5fedef29
05-dokazatelstva/20-phase2-spread/E068-004feba0.cfg.calls.txt.md	64588	64749	162	6396f4d9e75622d6f8981137ab3652441991f1868fde56aad4828cc60f1fa458
05-dokazatelstva/20-phase2-spread/E069-004feba0.cfg.edges.tsv.md	64750	65481	732	d795171c0501135fe28850e9b2fa2a8af1b8201bbd8c4dfc05d5ca4f50bc73f4
05-dokazatelstva/20-phase2-spread/E070-004feba0.cfg.json.md	65482	65618	137	44eff1ebf85856110d03eedd5e076f83d22989ca009039d266707d0ad7fc56ec
05-dokazatelstva/20-phase2-spread/E071-004feba0.decode.json.md	65619	65712	94	b95e9e83fe344b9a84db484dd1ae10687ae53ef593fff374cc60529475a46d0b
05-dokazatelstva/20-phase2-spread/E072-004feba0.refs.tsv.md	65713	65824	112	32bf7e6c0e3f4d26837625b857f9f62e774bcfc466463ebb43905c16c26e239f
05-dokazatelstva/20-phase2-spread/E073-00512710.decode.json.md	65825	65842	18	4e8ce4df8273624d2bdb7ea85ee1e2e133722a0d092b56feb2d89218beb13a87
05-dokazatelstva/20-phase2-spread/E074-00512710.refs.tsv.md	65843	65943	101	48e520e8116aa4ba44d00ce4e02bcac8160cc23ec21e0728770efc29ec7ca7df
05-dokazatelstva/20-phase2-spread/E075-00515ca0.cfg.calls.txt.md	65944	66030	87	b5f0667956749e71458f50fbbbf87b3aabd1cb2cc2358a8e6be9f4b026445d17
05-dokazatelstva/20-phase2-spread/E076-00515ca0.cfg.edges.tsv.md	66031	66457	427	5e55ed30db2477d1ae0ba94f5bb8ca7f157c8219273044ad75a0aaabbd1fccdc
05-dokazatelstva/20-phase2-spread/E077-00515ca0.cfg.json.md	66458	66750	293	56c859d4235c4dffb6505eabe494ca6c5ce4d61d493a2d5506aa3b00bda06f8c
05-dokazatelstva/20-phase2-spread/E078-00515ca0.decode.json.md	66751	66934	184	06abf4f31a547ef2df617fca783c4e592518b8fee6037c04fc748e4356446d47
05-dokazatelstva/20-phase2-spread/E079-00515ca0.refs.tsv.md	66935	66986	52	fc61bce5ec4cf197254ab7752132b7990fa3cfb92f0926fca7590add49a34054
05-dokazatelstva/20-phase2-spread/E080-00516fe0.decode.json.md	66987	67004	18	8d1192301743243701bb581d92dfb802f76b66d265ee2716d3a2a50f71ff6683
05-dokazatelstva/20-phase2-spread/E081-00516fe0.refs.tsv.md	67005	67015	11	ea5bc6223db371c51c5e81ef878dea53b2bb537ba2315a152d8479a21e9f77ac
05-dokazatelstva/20-phase2-spread/E082-0051c9c0.decode.json.md	67016	67033	18	a0d299e1a69acce26c19ccfd41ded0d0dc31dbbfc35e43ec51a7c0da4e79b9a7
05-dokazatelstva/20-phase2-spread/E083-0051c9c0.refs.tsv.md	67034	67075	42	0865e3f809ac9eee58e334149b997b93cadeaae2ed45b4a9b9f5e963e95ecd99
05-dokazatelstva/20-phase2-spread/E084-0051cf40.decode.json.md	67076	67093	18	53655a39cc74b63480bd23b7ec8d8b7c370ae9f1a05efea79be36fad85ac3112
05-dokazatelstva/20-phase2-spread/E085-0051cf40.refs.tsv.md	67094	67143	50	5c03c8deacc2ffd178f3f3d7e5255c0b10f59366b3221a7263da602dc39d2c09
05-dokazatelstva/20-phase2-spread/E086-0051d320.decode.json.md	67144	67161	18	22ae70f02e6a013f3c5ce948b1141716d3bad5e277973f4ebc33a812ba78effa
05-dokazatelstva/20-phase2-spread/E087-0051d320.refs.tsv.md	67162	67208	47	f4b9c4baee83053af38907b909053c6c67aa48bc31d44e92db18b449e7401cbe
05-dokazatelstva/20-phase2-spread/E088-0051d910.decode.json.md	67209	67226	18	ea86fe9b754ada2fbaf271e722b197c960bcc8fa753dfc1af73603b9106cb4b2
05-dokazatelstva/20-phase2-spread/E089-0051d910.refs.tsv.md	67227	67248	22	f6bd542812544aab908e9f0999109f1bec7a7a71fadbcb94e75cc39512803bf6
05-dokazatelstva/20-phase2-spread/E090-0051dac0.decode.json.md	67249	67266	18	d774d50f68e7714d5ca9752beb7362481ff193c18eb492060793821e7d1b97d7
05-dokazatelstva/20-phase2-spread/E091-0051dac0.refs.tsv.md	67267	67312	46	67d8a95572a812b2df8a20db251519116d06898d030ea9b2e2e8edb829a88d53
05-dokazatelstva/20-phase2-spread/E092-005239d0.cfg.calls.txt.md	67313	67359	47	0fe9d405fa8f9d521f82fc248d7c1e73b24524b2b3bd1d315a2cf7b44bb7221b
05-dokazatelstva/20-phase2-spread/E093-005239d0.cfg.edges.tsv.md	67360	67432	73	ed624819f60d682cbb20cc645881acaf3182e34ad6d1df2d85f35492d866eb84
05-dokazatelstva/20-phase2-spread/E094-005239d0.cfg.json.md	67433	67474	42	ade71d41b82812cd7d1b0defa214a6e2c4b168b9437aa35d564e9cda993d1404
05-dokazatelstva/20-phase2-spread/E095-00524a30.decode.json.md	67475	67492	18	27b881ac8e4803af4e6dcf0d3a5b892360ec3c2d9ab27771415dc780d659fb22
05-dokazatelstva/20-phase2-spread/E096-00524a30.refs.tsv.md	67493	67677	185	ac8468636b81fc56049e7af667f6753a4374324c629d933475cdf5322bd402f3
05-dokazatelstva/20-phase2-spread/E097-00525830.decode.json.md	67678	67695	18	116a3881815a393b50253f8393b55612714686161294519cf7782bae2fcd1f0e
05-dokazatelstva/20-phase2-spread/E098-00525830.refs.tsv.md	67696	67724	29	130778313ab78fac27dacc7cc9940779ffa1ac3db88c9579399858928aec2740
05-dokazatelstva/20-phase2-spread/E099-00526290.decode.json.md	67725	67742	18	b8e0c07f282571af6d9a4e730f70320543ce7f56e47a437b77a86f0995345844
05-dokazatelstva/20-phase2-spread/E100-00526290.refs.tsv.md	67743	68041	299	5759ea0a5319efe764f7c3d1718b9724c49466c498759c65c989e6f87a530d9c
05-dokazatelstva/20-phase2-spread/E101-005a7480.decode.json.md	68042	68059	18	2351f884a4e3373ce259bda499d3edc0dba1c9014c23488ba38c2308c1640ea4
05-dokazatelstva/20-phase2-spread/E102-005a7480.refs.tsv.md	68060	68086	27	e57513862cdcb10b25c162f2a628773b8de92fd28af97fe39962c86fcbebc9c3
05-dokazatelstva/20-phase2-spread/E103-00635a00.decode.json.md	68087	68104	18	0ee3cb49d987cadde7691c1263ebdb01fc945cf16ac4aadda9d686e5c5a3b483
05-dokazatelstva/20-phase2-spread/E104-00635a00.refs.tsv.md	68105	68149	45	a3353b99b6d5a1be2c6ee3cc72e1342726d2d89bffb3ba8b72724470db88a854
05-dokazatelstva/20-phase2-spread/E105-00790fe0.decode.json.md	68150	68167	18	c9ec63836ffd8d953b530c6d4a760d4a885399804826c3e8131424bd8545d5bb
05-dokazatelstva/20-phase2-spread/E106-00790fe0.refs.tsv.md	68168	68178	11	d180a22a450c2da978054c672fbb22c8740a379a22c4dcffac2b31722ef32765
05-dokazatelstva/20-phase2-spread/E107-00c6ff30.decode.json.md	68179	68196	18	74198021ade7d243018a00c72c0fc8c8061131d542768921b3631621d05fc3bf
05-dokazatelstva/20-phase2-spread/E108-00c6ff30.refs.tsv.md	68197	68227	31	84c3e8de7048cfbb397b976e5aaff7ba31fe9b58ecde09000a895bcd245f5917
05-dokazatelstva/20-phase2-spread/E109-00c70088.decode.json.md	68228	68245	18	78366d02659a7ff0e0a44bec66db677c13a3fe0c8d36ae1f70308f18f1a26db9
05-dokazatelstva/20-phase2-spread/E110-00c70088.refs.tsv.md	68246	68275	30	a2c160b4488b15cb27636e023889e6833b58825ebde283ba8f8771d6fcc2eacc
05-dokazatelstva/20-phase2-spread/E111-00d8fc20.decode.json.md	68276	68293	18	68224b15e7c4cc7220552cdcf274a9ecbb6355ac412dfa99bbbe3e4d817fc5fe
05-dokazatelstva/20-phase2-spread/E112-00d8fc20.refs.tsv.md	68294	68311	18	ba7fa22e6c1aded8a7c5a642c2eae24ba76880c53db2704b3e67ff8cfc4c2aa4
05-dokazatelstva/20-phase2-spread/E113-00d99b24.decode.json.md	68312	68329	18	dd071ed9a3e71f33505494b94c20aea08627f58585012b05ef639099f47bff07
05-dokazatelstva/20-phase2-spread/E114-00d99b24.refs.tsv.md	68330	68342	13	937a514fad9f34101b24701b8267d0fd3083c2218b2bad00174a974440be2deb
05-dokazatelstva/20-phase2-spread/E115-angle_switch_decode.log.md	68343	68355	13	aa2115733c993c44d1ec21b58d9c05c604b62c4d398b8823d00d04806664de7f
05-dokazatelstva/20-phase2-spread/E116-atan_check.log.md	68356	68375	20	fc29d8186304a597af00d4b11422f38ca526d5be6a8621e87eada890702fe477
05-dokazatelstva/20-phase2-spread/E117-callback_decode.log.md	68376	68434	59	f7d0eb67851ccd994a95c83f431dda7800a3d92d7715b14bdaa777bcb2cfff86
05-dokazatelstva/20-phase2-spread/E118-cfg_spread.py.md	68435	68558	124	d84ce35191e2ea11501055004d26061b18f3ffb4035c82be2b90f85dae9aadbe
05-dokazatelstva/20-phase2-spread/E119-constant_counts.json.md	68559	68654	96	62e3ac18c3e3dcdf62a97a382a093c0068d1f72a848b93f41427be39b65af0cb
05-dokazatelstva/20-phase2-spread/E120-constant_hits.tsv.md	68655	72423	3769	8d3f01c8aee340cbeb44acd9f99ceb148411137256adfee8b6fd1a57a05a48d6
05-dokazatelstva/20-phase2-spread/E121-constants.log.md	72424	72519	96	97e8c7df788241aff98edf905bd8a78f80940f018f8aa804905f356323dc04fb
05-dokazatelstva/20-phase2-spread/E122-consumer_decode.log.md	72520	72628	109	4154efc13535e57b6b727517fc6eeb686667d468db34bcec156a5a11f45aec36
05-dokazatelstva/20-phase2-spread/E123-evidence.tsv.md	72629	72689	61	945c3f2ce1fc5560b71d5e26ae8df88470ef12d92e152b4054115671dabd6684
05-dokazatelstva/20-phase2-spread/E124-evidence_audit.json.md	72690	72713	24	0b4989a54be4c4a9733b3be46e776c0edb480383db46b7a83c9ae186a19fb6f8
05-dokazatelstva/20-phase2-spread/E125-export_evidence.py.md	72714	72844	131	2c40208726c93d57c120b42379645164ec3067a5f082808f2bde28334de6eca6
05-dokazatelstva/20-phase2-spread/E126-fast_decode.log.md	72845	72933	89	c7f474f3dcd32457a4b286743ca07d8cb66327f4d48a7b4db77db9c252e9566d
05-dokazatelstva/20-phase2-spread/E127-final_audit.log.md	72934	72957	24	22acb0e296c9158e68c0413ba7b9d28e836ea54aa88145ff3d05c74a51449711
05-dokazatelstva/20-phase2-spread/E128-first_math.log.md	72958	74144	1187	392f5c61c2721f72a50a235c4787fc80d88792002b6b35daa6d01360190b9146
05-dokazatelstva/20-phase2-spread/E129-formula_samples.tsv.md	74145	74283	139	a4316c965e38718fa4e029725d589276a985db4bba07d9594b9e2062e2ed02ad
05-dokazatelstva/20-phase2-spread/E130-hc_kernel_decode.log.md	74284	74312	29	00131e114a77b5b5ca283c9e6ddd780a52ca344758f75981e6b37b536f22b54c
05-dokazatelstva/20-phase2-spread/E131-inspect_spread.py.md	74313	74498	186	15208c43f5500c5aa40f909284eeb4f213681b2d72b311ae6e72135205fcd84b
05-dokazatelstva/20-phase2-spread/E132-math_constants.tsv.md	74499	74520	22	e7634e43047511c640df2ac8be89fa112db223b388ba9e65a940c80c099edc94
05-dokazatelstva/20-phase2-spread/E133-native_rng_checks.log.md	74521	74591	71	c0f5fae7404856b4f1aef814f19fd265dee380884d8a6467b6c217f95a5a4312
05-dokazatelstva/20-phase2-spread/E134-raw_target_calls.tsv.md	74592	74845	254	d4d98131ea7ec581c1574df745bdde05fe19965c4c392d213c31edca3f005d72
05-dokazatelstva/20-phase2-spread/E135-ring_consumer.log.md	74846	74857	12	a1ee8ec8c99bf30f23c70cb668e7294015592eb01a4fff31e374569bf75f0ad4
05-dokazatelstva/20-phase2-spread/E136-sampling_helpers.log.md	74858	74932	75	3d0adb362a44fa1819ebcd3a3545a18c7a9b9d01c6533978e53f7c60696a6f8b
05-dokazatelstva/20-phase2-spread/E137-seed_window.log.md	74933	74952	20	b122631fc1d0e2cf9740f6fefea07a03cf28a1423b31e1b38e6ec0f2e39751c9
05-dokazatelstva/20-phase2-spread/E138-shortlist_decode.log.md	74953	76097	1145	0861ba2651366baa6b088503c46e6929a163b2d96e05210e5485f72aeb37f408
05-dokazatelstva/20-phase2-spread/E139-switch_edges.tsv.md	76098	76118	21	3b0f657c238a7dd0a3bf74c0bea56f6b6165fbfa590ad633a6ee39f9544e9a37
05-dokazatelstva/20-phase2-spread/E140-table_refs.py.md	76119	76190	72	0390801e9a227e2cba10a0e93062e92e00e658425fc4931c0e1458f93fa30bba
05-dokazatelstva/20-phase2-spread/E141-table_refs.tsv.md	76191	76328	138	bf26a2bddd491f1a98889a0053088af5457c6ff5299ae71384603a1e151bab4d
05-dokazatelstva/20-phase2-spread/E142-targets.tsv.md	76329	76347	19	30219e2f13f5d7f03e5fd0de6d6f2ec1d2bc0c581178aab14f64cfbaa1888b42
05-dokazatelstva/20-phase2-spread/E143-thunks.log.md	76348	76367	20	5660a1738e35cedd995773c785b769e84c3ef1deea32d5031857487bb39d6558
05-dokazatelstva/21-analysis-root/E144-requirements.txt.md	76368	76380	13	65514935fbcab310bb7964d3c5532002a962af5909d95348dd4dd4fef73344a9
05-dokazatelstva/22-results/E145-anchor_xrefs.csv.md	76381	76398	18	06ce7bee7f51343e60ed53aa814c6e5601c27507adee48bf542ae0a7fa991fa9
05-dokazatelstva/22-results/E146-core_targets.tsv.md	76399	76412	14	3e784ca2b3b913e2b2211beeb532d4f814bda4ef8288dacb6864430339c2404c
05-dokazatelstva/22-results/E147-feature_targets.tsv.md	76413	76432	20	0cdc1d1a5baeba284b4ef9c908c0afc06b1daf1d92a412072c608b6f603846d5
05-dokazatelstva/22-results/E148-freetype_evidence.txt.md	76433	76453	21	7c81d25ad012cb0f42adfd3a38b3d5144e4ab4a54828bdd066dfb6edf1666639
05-dokazatelstva/22-results/E149-import_validation.json.md	76454	79593	3140	d7665de5416dd03d80733432d210894a1e4fe51a8b3f5dfc81c26b2a46cee9b2
05-dokazatelstva/22-results/E150-index_summary.json.md	79594	79613	20	905a774457f873b21b9d3d51850ce3b49abd420c831b838c6fbdecfc8c6cded0
05-dokazatelstva/22-results/E151-rng_targets.tsv.md	79614	79631	18	d41638d5285aef0755b774073d77c2ab575b967d0c87a2271e34227828394d05
05-dokazatelstva/22-results/E152-triage.json.md	79632	80167	536	5ec414947cbbe6b413f912e6e7b16a0be2ff0193b50f36cfc63b7d95e970237f
05-dokazatelstva/22-results/E153-triage.txt.md	80168	80957	790	535a4d1bd3d75623cb17484b7a47f3790384503ea3fb1920e321494743d780ca
05-dokazatelstva/22-results/E154-verification.json.md	80958	80986	29	bc0efc86c06a466a3f499bb64b6b9134d4d8ecf29481c6f4f54377408ae9be19
05-dokazatelstva/23-review-rng/E155-callee_addresses.txt.md	80987	81004	18	abde95138f93efe08111637e1c59bc86922db9c9e5ed3d4f0678ad7c6667299e
05-dokazatelstva/23-review-rng/E156-checks.json.md	81005	81024	20	b44f2c403cc369d393eceffa0d328f77f604d318ddd1fc78525c3a55cc2107dd
05-dokazatelstva/23-review-rng/E157-collect_evidence.py.md	81025	81095	71	f1adfed58a8398a1ece123a77a72d646f7302c7079b59c71a3e941e1855ff6e6
05-dokazatelstva/23-review-rng/E158-constants.json.md	81096	83580	2485	a15ca5abc60e65fbf3e017ece1437bc78cfb2f0919c763598436ba24076e5c60
05-dokazatelstva/23-review-rng/E159-constants.tsv.md	83581	83769	189	ecae420a6e6a4dc436843eed98ffe965b63b3b5b970f14f7b37037639f3208aa
05-dokazatelstva/23-review-rng/E160-followup_refs.json.md	83770	85361	1592	792a1f617cacbb71f416f6df133d17d12b6cc156f16e9b8bcdfed0249f033457
05-dokazatelstva/23-review-rng/E161-helper_constants.json.md	85362	85429	68	5cd3a15bbfaa980381195d327924c537d6697dda0b9b93af84e85a86734a9dc0
05-dokazatelstva/23-review-rng/E162-helper_ranges.json.md	85430	85566	137	8bb7d71bea59269be5a2269d2a562f8404163c8197ddc692182341f0447c4232
05-dokazatelstva/23-review-rng/E163-refs.json.md	85567	94214	8648	775cb1a60b6c1882f441102a0bd319a5deca1965b59b72a4a69ff28621286d0c
05-dokazatelstva/23-review-rng/E164-targeted_evidence.json.md	94215	94458	244	c08472a05d6fe9ba2bf932ddb5ec33bd16bd7bc5e1a87dfe285c49a8271bfa5a
05-dokazatelstva/24-scripts/E165-ApplyConditionalGuards.java.md	94459	94501	43	f94f6415032e4a7b3cf9601c30de315afc578d854c6aa51c61812bbd82bb79f5
05-dokazatelstva/24-scripts/E166-ExportEvidence.java.md	94502	94546	45	0fad34dd0a62d6e4d861cc8e3c2b7296487642a128fd2e45a7e6c433be1a87b1
05-dokazatelstva/24-scripts/E167-RecoverDump.java.md	94547	94652	106	7aeee221228e00b86db3bcde463b404c83c1d756f684b064e172bf5ce3a5ba01
05-dokazatelstva/24-scripts/E168-anchor_xrefs.py.md	94653	94679	27	3e5c119c064539081c138dcd0957f34510308a1979f7f1dcf7322a626626914e
05-dokazatelstva/24-scripts/E169-index_code.py.md	94680	94753	74	82da6007b258b5d6fd067bf7d414a0f80e83ca2e2599c079a5ce66d478de8d14
05-dokazatelstva/24-scripts/E170-package_results.py.md	94754	94801	48	351aaba890eda8f3e4e66afd3bc1f9aa43652916ab45fb537b768183c8f8746b
05-dokazatelstva/24-scripts/E171-triage.py.md	94802	94863	62	1d5e863e247db0467bb974ef5aec40fcd637e554d7c3baf115ecfc1d0bdd6016
05-dokazatelstva/24-scripts/E172-verify_results.py.md	94864	94946	83	3e0f82c16422a71f1a1fe25008b7bad6cc283771fd72b10dbfd949a9005d5602
05-dokazatelstva/25-strings/E173-anchors.csv.md	94947	95000	54	97c2467ced4b61468626c613b63bf812b82f88029760918d413ca948aca6f505
05-dokazatelstva/25-strings/E174-anchors.json.md	95001	95574	574	4289229dbeeae52ac99c9a59a1ecf2d801500821ada39750a4c970dc9ecdf98e
05-dokazatelstva/25-strings/E175-compact_run.log.md	95575	95585	11	e266092a2db44b3a9047dd1535bca29a3d77377f7a30e07abff7e09bf30e8079
05-dokazatelstva/25-strings/E176-coverage.json.md	95586	96065	480	0c7ffd6d7f9b95821570526f52bc7991e93f5a259bb87196b1d6e06c54b6387f
05-dokazatelstva/25-strings/E177-evidence.csv.md	96066	96375	310	5c1f7afcc78ca4b89581299e615c76b8bcc96bfcce209e64da75b35f33f78ed4
05-dokazatelstva/25-strings/E178-evidence.json.md	96376	100312	3937	a186aa255e9145d3e1d6d0df3ff90c10ea856d4dca5591af4405991993bb31d9
05-dokazatelstva/25-strings/E179-extract_compact.py.md	100313	100487	175	52025b0e9ed0e73c12aa5b219934930ded7ccc5a26a76d53ad3d8dfc212f1187
05-dokazatelstva/25-strings/E180-extract_strings.py.md	100488	101029	542	9aaf9c8d239b59a34148d234433c5efe110d7782ac54e12f536a73ee8e09467e
05-dokazatelstva/25-strings/E181-rtti.csv.md	101030	101260	231	2d319bb3ff0e2b0df196259deb1b76e2573f6bf9c5c3b742c1b8c1c57fbb9be7
05-dokazatelstva/25-strings/E182-run.log.md	101261	101299	39	d9f68c712f2a2f578db3bfc306365b535589abac63e0277f179e7f322f5ec18f
05-dokazatelstva/25-strings/E183-schema_fields.csv.md	101300	101368	69	8ad16cb807ef21f4d0a3613d949a1202711e28d9683ce6140348ae2e1384ee1f
05-dokazatelstva/25-strings/E184-xor_probe.json.md	101369	101433	65	90b19a5efb5d51f5cefcc50cf2cb2dcdd13543e8c20cb28fc13870c1e20adf43
07-prilozhenie-f.md	101434	101453	20	6131514b252e33baf6c4502108321d7ae444b4f00091757b3a9e0c1a19e28331
